angle_roll,kalman_angle_roll,angle_pitch,kalman_angle_pitch,analogRule,time
7.76,7.65,-72.44,-72.44,3853,464724
7.74,7.65,-72.44,-72.44,3857,464725
7.72,7.65,-72.49,-72.44,3868,464726
7.72,7.65,-72.49,-72.44,4049,464737
7.71,7.65,-72.52,-72.44,3954,464740
7.68,7.65,-72.54,-72.44,3947,464742
7.68,7.65,-72.55,-72.44,3906,464744
7.69,7.65,-72.50,-72.44,3996,464746
7.70,7.65,-72.53,-72.44,3881,464747
7.69,7.65,-72.55,-72.44,4014,464748
7.68,7.65,-72.53,-72.44,3903,464759
7.68,7.65,-72.56,-72.44,3888,464761
7.64,7.65,-72.60,-72.44,3728,464762
7.67,7.65,-72.61,-72.45,3934,464763
7.69,7.65,-72.50,-72.45,4071,464765
7.69,7.65,-72.52,-72.45,3858,464776
7.68,7.65,-72.50,-72.45,4055,464778
7.64,7.65,-72.54,-72.45,3875,464779
7.64,7.65,-72.51,-72.45,3919,464781
7.66,7.65,-72.45,-72.45,4028,464784
7.65,7.65,-72.46,-72.45,3923,464785
7.65,7.65,-72.51,-72.45,3951,464786
7.67,7.65,-72.51,-72.45,3919,464799
7.67,7.65,-72.53,-72.45,3910,464800
7.67,7.65,-72.52,-72.45,3679,464801
7.63,7.65,-72.57,-72.45,3890,464803
7.67,7.65,-72.55,-72.45,3831,464806
7.71,7.65,-72.48,-72.45,3839,464810
7.72,7.65,-72.49,-72.45,3909,464811
7.71,7.65,-72.50,-72.45,3951,464812
7.72,7.65,-72.53,-72.45,3894,464824
7.69,7.65,-72.53,-72.45,3827,464825
7.63,7.65,-72.55,-72.45,4095,464826
7.65,7.65,-72.53,-72.45,3904,464827
7.64,7.65,-72.57,-72.45,3939,464829
7.66,7.65,-72.57,-72.45,4095,464840
7.65,7.65,-72.58,-72.45,3858,464842
7.75,7.65,-72.50,-72.45,3903,464843
7.71,7.65,-72.52,-72.45,3973,464844
7.73,7.65,-72.50,-72.45,3860,464845
7.71,7.65,-72.48,-72.45,3936,464857
7.71,7.65,-72.44,-72.45,3856,464858
7.75,7.65,-72.44,-72.45,3881,464859
7.76,7.65,-72.45,-72.45,3904,464860
7.75,7.65,-72.43,-72.45,3944,464862
7.72,7.65,-72.46,-72.45,4095,464873
7.71,7.65,-72.42,-72.45,3883,464875
7.70,7.65,-72.48,-72.45,4005,464876
7.74,7.65,-72.51,-72.45,3911,464878
7.79,7.65,-72.46,-72.45,3923,464879
7.75,7.65,-72.45,-72.45,3882,464880
7.74,7.65,-72.50,-72.45,3935,464892
7.73,7.65,-72.47,-72.45,3935,464893
7.68,7.65,-72.50,-72.45,4095,464894
7.69,7.65,-72.50,-72.45,3696,464895
7.68,7.65,-72.49,-72.45,3867,464897
7.72,7.65,-72.40,-72.45,3851,464899
7.70,7.64,-72.35,-72.45,3866,464910
7.68,7.64,-72.43,-72.45,3904,464912
7.68,7.64,-72.48,-72.45,3760,464915
7.67,7.64,-72.49,-72.45,3963,464916
7.67,7.64,-72.50,-72.45,3763,464917
7.69,7.64,-72.48,-72.45,3900,464918
7.67,7.64,-72.45,-72.45,3716,464930
7.63,7.64,-72.44,-72.45,3809,464931
7.62,7.64,-72.42,-72.45,3856,464932
7.63,7.64,-72.45,-72.45,3852,464934
7.64,7.64,-72.45,-72.45,3914,464935
7.66,7.64,-72.43,-72.45,3880,464947
7.66,7.64,-72.45,-72.45,3887,464949
7.67,7.64,-72.44,-72.45,3896,464950
7.69,7.64,-72.45,-72.45,3972,464952
7.70,7.64,-72.41,-72.45,3927,464954
7.68,7.64,-72.44,-72.45,3894,464955
7.66,7.64,-72.45,-72.45,4062,464966
7.65,7.64,-72.47,-72.45,3911,464967
7.63,7.64,-72.44,-72.45,3895,464968
7.64,7.64,-72.47,-72.45,3987,464969
7.64,7.64,-72.49,-72.45,3895,464970
7.65,7.64,-72.47,-72.45,3908,464983
7.63,7.64,-72.54,-72.45,3930,464985
7.62,7.64,-72.51,-72.45,3878,464986
7.65,7.64,-72.48,-72.45,3918,464988
7.66,7.64,-72.42,-72.45,3907,464990
7.66,7.64,-72.37,-72.45,3847,464991
7.65,7.64,-72.35,-72.45,3873,464993
7.70,7.64,-72.34,-72.45,3914,465005
7.69,7.64,-72.38,-72.45,3746,465007
7.69,7.64,-72.33,-72.45,4003,465008
7.73,7.64,-72.31,-72.45,3905,465009
7.75,7.64,-72.30,-72.45,3933,465011
7.72,7.64,-72.30,-72.44,3865,465012
7.75,7.64,-72.30,-72.44,3972,465016
7.74,7.64,-72.34,-72.44,3951,465027
7.73,7.64,-72.38,-72.44,3979,465029
7.70,7.64,-72.39,-72.44,3883,465030
7.67,7.64,-72.37,-72.44,3890,465031
7.65,7.64,-72.41,-72.44,3951,465032
7.68,7.64,-72.42,-72.44,3999,465034
7.66,7.64,-72.46,-72.44,3931,465046
7.70,7.64,-72.47,-72.44,3873,465047
7.72,7.64,-72.53,-72.44,4023,465050
7.70,7.64,-72.50,-72.44,3907,465053
7.72,7.64,-72.50,-72.44,3813,465054
7.73,7.64,-72.53,-72.44,3801,465055
7.73,7.64,-72.52,-72.44,3954,465056
7.71,7.64,-72.54,-72.44,3872,465068
7.71,7.64,-72.57,-72.44,3941,465069
7.68,7.64,-72.54,-72.44,3936,465071
7.68,7.64,-72.53,-72.45,3878,465072
7.70,7.64,-72.54,-72.45,3967,465073
7.70,7.64,-72.51,-72.45,3925,465084
7.70,7.64,-72.54,-72.45,3887,465086
7.72,7.64,-72.57,-72.45,3957,465088
7.69,7.64,-72.61,-72.45,3840,465089
7.69,7.64,-72.59,-72.45,3867,465093
7.68,7.64,-72.59,-72.45,3856,465094
7.69,7.64,-72.59,-72.45,3847,465095
7.71,7.64,-72.59,-72.45,3891,465107
7.69,7.64,-72.61,-72.45,3843,465108
7.66,7.64,-72.61,-72.45,3824,465109
7.69,7.64,-72.57,-72.45,3900,465112
7.70,7.64,-72.59,-72.45,3949,465114
7.66,7.64,-72.61,-72.45,3909,465115
7.68,7.64,-72.62,-72.45,3899,465126
7.66,7.64,-72.63,-72.46,3951,465130
7.65,7.64,-72.64,-72.46,3915,465132
7.65,7.64,-72.60,-72.46,4010,465134
7.68,7.64,-72.55,-72.46,3884,465135
7.68,7.64,-72.52,-72.46,3885,465137
7.69,7.64,-72.55,-72.46,3824,465139
7.66,7.64,-72.55,-72.46,3919,465140
7.63,7.63,-72.56,-72.46,3885,465152
7.65,7.63,-72.60,-72.46,3910,465154
7.69,7.63,-72.57,-72.46,3899,465155
7.67,7.63,-72.57,-72.46,3833,465157
7.64,7.63,-72.56,-72.46,3863,465158
7.65,7.63,-72.54,-72.46,3886,465160
7.69,7.63,-72.47,-72.46,3786,465171
7.72,7.63,-72.46,-72.46,3807,465175
7.77,7.64,-72.37,-72.46,3995,465176
7.77,7.64,-72.40,-72.46,3937,465178
7.78,7.64,-72.38,-72.46,3779,465179
7.78,7.64,-72.39,-72.46,3943,465181
7.80,7.64,-72.35,-72.46,3627,465182
7.78,7.64,-72.32,-72.46,3968,465194
7.75,7.64,-72.34,-72.46,3984,465197
7.70,7.64,-72.37,-72.46,3824,465198
7.70,7.64,-72.38,-72.46,4085,465201
7.69,7.64,-72.45,-72.46,3876,465202
7.66,7.64,-72.46,-72.46,3872,465203
7.65,7.64,-72.50,-72.46,3886,465204
7.66,7.64,-72.50,-72.46,3886,465216
7.66,7.64,-72.49,-72.46,3783,465217
7.66,7.64,-72.51,-72.46,3911,465219
7.68,7.64,-72.48,-72.46,3970,465220
7.68,7.64,-72.48,-72.46,3915,465223
7.69,7.64,-72.46,-72.46,3957,465226
7.71,7.64,-72.48,-72.46,3841,465229
7.69,7.64,-72.48,-72.46,3870,465231
7.69,7.64,-72.43,-72.46,3856,465233
7.68,7.64,-72.44,-72.45,4095,465245
7.65,7.64,-72.47,-72.45,3951,465248
7.65,7.64,-72.50,-72.45,3851,465249
7.67,7.64,-72.47,-72.45,3898,465250
7.69,7.64,-72.35,-72.45,3760,465252
7.68,7.64,-72.35,-72.45,3970,465253
7.67,7.64,-72.35,-72.45,3920,465264
7.67,7.64,-72.38,-72.45,3871,465269
7.70,7.64,-72.42,-72.45,3896,465273
7.73,7.64,-72.41,-72.45,3985,465274
7.70,7.64,-72.43,-72.45,3855,465275
7.70,7.64,-72.44,-72.45,3793,465276
7.68,7.64,-72.51,-72.45,3846,465278
7.68,7.64,-72.48,-72.45,3776,465289
7.68,7.64,-72.46,-72.45,3858,465290
7.66,7.64,-72.51,-72.45,3941,465291
7.69,7.64,-72.52,-72.45,3782,465294
7.70,7.64,-72.53,-72.45,3986,465296
7.69,7.64,-72.51,-72.45,3881,465298
7.70,7.64,-72.47,-72.45,3884,465300
7.70,7.64,-72.45,-72.45,3853,465311
7.72,7.64,-72.44,-72.45,3931,465313
7.72,7.64,-72.48,-72.45,3839,465314
7.70,7.64,-72.50,-72.45,3824,465317
7.66,7.64,-72.55,-72.45,3920,465319
7.67,7.64,-72.55,-72.45,3863,465321
7.67,7.64,-72.56,-72.45,3949,465322
7.64,7.64,-72.54,-72.45,3810,465333
7.63,7.64,-72.49,-72.45,3986,465335
7.63,7.64,-72.49,-72.45,3941,465336
7.63,7.64,-72.45,-72.45,3957,465337
7.69,7.64,-72.46,-72.45,3838,465339
7.69,7.64,-72.49,-72.45,3986,465341
7.70,7.64,-72.47,-72.45,4003,465352
7.70,7.64,-72.40,-72.45,3876,465354
7.68,7.64,-72.41,-72.45,3394,465355
7.68,7.64,-72.46,-72.45,3829,465356
7.71,7.64,-72.44,-72.45,3941,465357
7.71,7.64,-72.41,-72.45,3888,465369
7.68,7.64,-72.46,-72.45,3944,465370
7.66,7.64,-72.45,-72.45,3952,465372
7.63,7.64,-72.45,-72.45,3885,465374
7.71,7.64,-72.43,-72.45,3875,465375
7.71,7.64,-72.51,-72.45,3916,465379
7.72,7.64,-72.50,-72.45,3873,465382
7.69,7.64,-72.48,-72.45,3875,465385
7.73,7.64,-72.44,-72.45,3882,465389
7.73,7.64,-72.47,-72.45,3852,465390
7.75,7.64,-72.48,-72.45,3856,465393
7.73,7.64,-72.49,-72.45,4095,465396
7.71,7.64,-72.46,-72.45,3907,465407
7.74,7.64,-72.48,-72.45,3873,465409
7.73,7.64,-72.51,-72.45,3901,465410
7.73,7.64,-72.55,-72.45,3906,465411
7.70,7.64,-72.50,-72.45,3875,465414
7.67,7.64,-72.53,-72.45,3873,465416
7.67,7.64,-72.55,-72.45,3837,465419
7.69,7.64,-72.53,-72.45,3898,465422
7.70,7.64,-72.53,-72.45,3659,465424
7.66,7.64,-72.56,-72.45,3871,465438
7.65,7.64,-72.60,-72.45,3984,465440
7.66,7.64,-72.63,-72.46,3919,465442
7.68,7.64,-72.60,-72.46,3985,465443
7.70,7.64,-72.57,-72.46,3814,465445
7.71,7.64,-72.50,-72.46,3880,465446
7.66,7.64,-72.55,-72.46,3894,465447
7.66,7.64,-72.56,-72.46,3875,465459
7.68,7.64,-72.55,-72.46,4095,465461
7.68,7.64,-72.52,-72.46,3979,465463
7.70,7.64,-72.54,-72.46,3823,465464
7.69,7.64,-72.56,-72.46,3922,465465
7.69,7.64,-72.49,-72.46,3722,465469
7.65,7.64,-72.48,-72.46,3884,465470
7.64,7.64,-72.47,-72.46,4007,465482
7.64,7.64,-72.40,-72.46,3455,465483
7.67,7.64,-72.39,-72.46,3902,465485
7.68,7.64,-72.39,-72.46,3972,465486
7.69,7.64,-72.43,-72.46,3793,465488
7.70,7.63,-72.43,-72.46,3935,465489
7.69,7.63,-72.45,-72.46,3888,465500
7.69,7.63,-72.43,-72.46,3929,465501
7.70,7.63,-72.42,-72.46,3863,465503
7.69,7.63,-72.43,-72.46,3905,465504
7.67,7.63,-72.51,-72.46,3920,465515
7.67,7.63,-72.48,-72.46,3837,465518
7.66,7.63,-72.47,-72.46,3848,465520
7.68,7.63,-72.48,-72.46,3894,465522
7.66,7.63,-72.53,-72.46,3839,465523
7.69,7.63,-72.51,-72.46,3945,465524
7.71,7.63,-72.52,-72.46,3869,465525
7.67,7.63,-72.55,-72.46,3537,465537
7.71,7.63,-72.50,-72.46,3972,465538
7.72,7.63,-72.49,-72.46,3846,465539
7.69,7.63,-72.53,-72.46,3967,465541
7.66,7.63,-72.51,-72.46,3886,465542
7.65,7.63,-72.52,-72.46,3879,465546
7.64,7.63,-72.50,-72.46,3730,465548
7.64,7.63,-72.44,-72.46,3728,465559
7.67,7.63,-72.43,-72.46,3860,465560
7.70,7.63,-72.40,-72.46,3810,465562
7.74,7.63,-72.41,-72.46,3873,465563
7.77,7.63,-72.38,-72.45,4095,465564
7.76,7.63,-72.45,-72.45,3933,465576
7.73,7.63,-72.47,-72.45,3923,465579
7.71,7.63,-72.48,-72.45,3757,465580
7.71,7.63,-72.46,-72.45,3885,465581
7.68,7.63,-72.45,-72.45,3856,465582
7.68,7.63,-72.45,-72.45,3852,465583
7.68,7.63,-72.41,-72.45,3857,465595
7.69,7.63,-72.39,-72.45,3860,465596
7.68,7.63,-72.37,-72.45,3867,465597
7.71,7.63,-72.39,-72.45,3962,465599
7.72,7.63,-72.38,-72.45,3938,465600
7.72,7.63,-72.34,-72.45,4095,465604
7.76,7.63,-72.33,-72.45,3839,465607
7.78,7.64,-72.36,-72.45,3854,465610
7.79,7.64,-72.31,-72.45,3868,465613
7.81,7.64,-72.30,-72.45,3952,465615
7.77,7.64,-72.31,-72.45,3913,465627
7.76,7.64,-72.35,-72.44,3859,465630
7.77,7.64,-72.37,-72.44,3889,465634
7.77,7.64,-72.36,-72.44,4004,465635
7.78,7.64,-72.40,-72.44,3959,465636
7.77,7.64,-72.41,-72.44,3956,465640
7.77,7.64,-72.41,-72.44,3869,465643
7.77,7.64,-72.40,-72.44,3893,465645
7.74,7.64,-72.43,-72.44,3913,465646
7.74,7.64,-72.49,-72.44,3998,465647
7.72,7.64,-72.48,-72.44,4048,465659
7.70,7.64,-72.53,-72.44,3897,465661
7.66,7.64,-72.51,-72.44,3853,465662
7.65,7.64,-72.50,-72.44,3975,465663
7.68,7.64,-72.49,-72.44,3969,465664
7.69,7.64,-72.49,-72.44,3877,465666
7.69,7.64,-72.49,-72.44,3895,465677
7.68,7.64,-72.50,-72.44,3843,465679
7.68,7.64,-72.54,-72.45,3907,465680
7.68,7.64,-72.57,-72.45,3540,465681
7.70,7.64,-72.59,-72.45,3881,465683
7.68,7.64,-72.60,-72.45,3917,465694
7.66,7.64,-72.61,-72.45,3850,465697
7.64,7.64,-72.53,-72.45,3951,465698
7.67,7.64,-72.49,-72.45,3878,465699
7.64,7.64,-72.53,-72.45,3877,465701
7.60,7.64,-72.53,-72.45,3971,465702
7.58,7.64,-72.56,-72.45,3850,465713
7.61,7.64,-72.60,-72.45,3877,465718
7.62,7.64,-72.61,-72.45,3866,465719
7.64,7.64,-72.54,-72.45,3817,465721
7.63,7.64,-72.48,-72.45,3931,465722
7.63,7.64,-72.50,-72.45,3922,465723
7.61,7.64,-72.52,-72.45,3884,465724
7.62,7.64,-72.56,-72.45,3918,465736
7.64,7.64,-72.53,-72.45,3792,465739
7.61,7.64,-72.52,-72.45,3888,465741
7.64,7.64,-72.51,-72.45,3842,465742
7.63,7.63,-72.46,-72.45,3892,465743
7.64,7.63,-72.45,-72.45,3922,465745
7.63,7.63,-72.44,-72.45,3927,465747
7.65,7.63,-72.49,-72.45,3964,465758
7.70,7.63,-72.53,-72.45,3964,465760
7.78,7.63,-72.51,-72.45,4095,465761
7.81,7.64,-72.50,-72.45,4015,465766
7.82,7.64,-72.46,-72.45,3808,465767
7.81,7.64,-72.42,-72.45,3903,465768
7.78,7.64,-72.47,-72.45,4015,465769
7.78,7.64,-72.46,-72.45,3902,465780
7.77,7.64,-72.52,-72.45,3870,465781
7.73,7.64,-72.50,-72.45,3937,465782
7.73,7.64,-72.45,-72.45,3733,465783
7.72,7.64,-72.45,-72.45,3870,465786
7.75,7.64,-72.45,-72.45,3866,465797
7.72,7.64,-72.50,-72.45,4027,465799
7.69,7.64,-72.52,-72.45,3619,465800
7.62,7.64,-72.55,-72.45,4095,465801
7.64,7.64,-72.48,-72.45,3957,465802
7.67,7.64,-72.43,-72.45,3951,465814
7.67,7.64,-72.42,-72.45,3893,465815
7.64,7.64,-72.41,-72.45,3919,465816
7.67,7.64,-72.43,-72.45,3494,465817
7.69,7.64,-72.46,-72.45,3895,465821
7.69,7.64,-72.44,-72.45,3961,465822
7.68,7.64,-72.47,-72.45,3858,465823
7.67,7.64,-72.45,-72.45,3911,465836
7.69,7.64,-72.45,-72.45,4095,465837
7.73,7.64,-72.49,-72.45,3865,465838
7.73,7.64,-72.50,-72.45,3940,465839
7.68,7.64,-72.49,-72.45,3887,465840
7.68,7.64,-72.48,-72.45,3888,465852
7.68,7.64,-72.48,-72.45,3699,465853
7.68,7.64,-72.47,-72.45,3920,465854
7.66,7.64,-72.50,-72.45,3931,465855
7.71,7.64,-72.47,-72.45,3883,465856
7.71,7.64,-72.47,-72.45,3998,465862
7.71,7.64,-72.47,-72.45,3980,465864
7.71,7.64,-72.43,-72.45,3829,465875
7.70,7.64,-72.38,-72.45,3857,465877
7.71,7.64,-72.37,-72.45,3905,465878
7.69,7.64,-72.39,-72.45,3684,465879
7.67,7.64,-72.39,-72.45,3895,465880
7.64,7.64,-72.41,-72.45,3966,465883
7.64,7.64,-72.38,-72.45,3867,465885
7.65,7.64,-72.40,-72.45,3837,465896
7.64,7.64,-72.43,-72.45,3904,465897
7.67,7.64,-72.42,-72.45,4055,465900
7.68,7.64,-72.44,-72.45,3889,465901
7.67,7.64,-72.45,-72.45,3948,465903
7.66,7.64,-72.43,-72.45,3856,465904
7.66,7.64,-72.44,-72.45,3888,465907
7.63,7.64,-72.49,-72.45,3978,465919
7.61,7.64,-72.55,-72.45,4095,465920
7.60,7.63,-72.58,-72.45,3979,465922
7.61,7.63,-72.51,-72.45,4081,465924
7.60,7.63,-72.53,-72.45,3927,465928
7.61,7.63,-72.51,-72.45,3950,465930
7.66,7.63,-72.52,-72.45,3902,465931
7.68,7.63,-72.54,-72.45,3954,465932
7.70,7.63,-72.51,-72.45,3879,465944
7.67,7.63,-72.54,-72.45,3878,465946
7.67,7.63,-72.55,-72.45,3872,465949
7.66,7.63,-72.52,-72.45,3999,465950
7.66,7.63,-72.48,-72.45,3824,465953
7.69,7.63,-72.48,-72.45,4015,465954
7.72,7.63,-72.50,-72.45,3950,465955
7.70,7.63,-72.47,-72.45,3921,465967
7.71,7.63,-72.48,-72.45,3867,465969
7.71,7.63,-72.50,-72.45,3895,465970
7.74,7.63,-72.51,-72.45,3958,465971
7.74,7.63,-72.47,-72.45,3956,465973
7.68,7.63,-72.54,-72.45,3909,465975
7.66,7.63,-72.45,-72.45,3920,465986
7.65,7.63,-72.39,-72.45,3823,465990
7.65,7.63,-72.42,-72.45,4095,465994
7.70,7.63,-72.38,-72.45,3941,465995
7.73,7.63,-72.38,-72.45,4028,465996
7.77,7.63,-72.29,-72.45,3825,465997
7.75,7.63,-72.27,-72.45,3930,465998
7.71,7.63,-72.37,-72.45,4095,466010
7.69,7.63,-72.42,-72.45,3408,466011
7.68,7.63,-72.41,-72.45,3806,466012
7.69,7.63,-72.44,-72.45,4035,466013
7.71,7.63,-72.43,-72.45,3830,466014
7.71,7.63,-72.44,-72.45,3859,466017
7.71,7.63,-72.41,-72.45,3887,466028
7.72,7.63,-72.42,-72.45,3927,466029
7.74,7.63,-72.41,-72.45,3952,466030
7.74,7.63,-72.45,-72.45,4019,466031
7.72,7.64,-72.50,-72.45,3973,466032
7.70,7.64,-72.48,-72.45,3814,466045
7.71,7.64,-72.47,-72.45,3914,466047
7.72,7.64,-72.48,-72.45,3850,466049
7.71,7.64,-72.45,-72.45,3825,466051
7.71,7.64,-72.43,-72.45,3856,466052
7.70,7.64,-72.44,-72.45,3957,466054
7.71,7.64,-72.42,-72.45,3847,466055
7.71,7.64,-72.45,-72.45,3923,466066
7.68,7.64,-72.52,-72.45,3945,466067
7.66,7.64,-72.52,-72.45,3890,466069
7.64,7.64,-72.55,-72.45,3997,466070
7.61,7.64,-72.57,-72.45,3943,466071
7.64,7.64,-72.55,-72.45,3758,466083
7.68,7.63,-72.51,-72.45,3902,466084
7.68,7.63,-72.55,-72.45,3883,466085
7.64,7.63,-72.53,-72.45,3946,466086
7.64,7.63,-72.51,-72.45,3518,466088
7.64,7.63,-72.52,-72.45,4095,466099
7.63,7.63,-72.55,-72.45,3985,466103
7.66,7.63,-72.52,-72.45,3914,466104
7.65,7.63,-72.48,-72.45,3808,466106
7.65,7.63,-72.45,-72.45,3942,466108
7.68,7.63,-72.44,-72.45,3899,466110
7.71,7.63,-72.40,-72.45,3984,466111
7.71,7.63,-72.40,-72.45,3515,466113
7.73,7.63,-72.43,-72.45,3920,466126
7.75,7.63,-72.41,-72.45,3854,466128
7.79,7.63,-72.36,-72.45,4095,466130
7.76,7.63,-72.39,-72.45,3955,466134
7.75,7.63,-72.43,-72.45,4095,466135
7.72,7.63,-72.48,-72.45,4035,466136
7.72,7.63,-72.49,-72.45,3824,466137
7.74,7.63,-72.44,-72.45,3911,466149
7.74,7.63,-72.46,-72.45,3894,466150
7.73,7.64,-72.49,-72.45,3952,466151
7.71,7.64,-72.51,-72.45,3871,466153
7.67,7.64,-72.45,-72.45,3868,466154
7.66,7.63,-72.49,-72.45,3935,466155
7.69,7.63,-72.50,-72.45,3920,466167
7.71,7.63,-72.50,-72.45,3922,466171
7.66,7.63,-72.48,-72.45,3952,466173
7.65,7.63,-72.50,-72.45,3833,466174
7.68,7.63,-72.53,-72.45,3875,466175
7.67,7.63,-72.60,-72.45,3841,466180
7.69,7.63,-72.61,-72.45,4031,466181
7.70,7.63,-72.61,-72.45,3679,466182
7.71,7.63,-72.60,-72.45,4095,466194
7.69,7.63,-72.57,-72.45,4048,466195
7.70,7.63,-72.57,-72.45,3711,466196
7.67,7.63,-72.58,-72.45,3920,466197
7.68,7.63,-72.55,-72.45,3943,466198
7.71,7.63,-72.52,-72.45,3427,466209
7.72,7.63,-72.47,-72.45,3936,466210
7.72,7.64,-72.44,-72.45,3936,466211
7.72,7.64,-72.40,-72.45,3958,466213
7.73,7.64,-72.44,-72.45,3916,466214
7.74,7.64,-72.42,-72.45,3890,466225
7.75,7.64,-72.42,-72.45,3843,466227
7.73,7.64,-72.42,-72.45,3903,466229
7.69,7.64,-72.48,-72.45,3909,466230
7.67,7.64,-72.47,-72.45,3813,466232
7.68,7.64,-72.44,-72.45,3889,466234
7.69,7.64,-72.41,-72.45,3935,466235
7.69,7.64,-72.40,-72.45,3866,466247
7.69,7.64,-72.40,-72.45,3931,466248
7.68,7.64,-72.40,-72.45,3888,466249
7.69,7.64,-72.40,-72.45,3920,466251
7.70,7.64,-72.36,-72.45,3951,466253
7.70,7.64,-72.35,-72.45,3828,466264
7.70,7.64,-72.40,-72.45,3897,466265
7.74,7.64,-72.47,-72.45,3957,466266
7.74,7.64,-72.46,-72.45,3913,466267
7.76,7.64,-72.44,-72.45,3933,466268
7.80,7.64,-72.38,-72.44,4007,466280
7.81,7.64,-72.38,-72.44,3886,466281
7.81,7.64,-72.39,-72.44,3805,466283
7.77,7.64,-72.44,-72.44,3969,466284
7.73,7.64,-72.45,-72.44,4039,466285
7.72,7.64,-72.45,-72.44,3934,466286
7.71,7.64,-72.48,-72.44,3803,466298
7.74,7.64,-72.39,-72.44,3955,466299
7.76,7.64,-72.42,-72.44,3911,466300
7.73,7.64,-72.42,-72.44,3922,466301
7.71,7.64,-72.44,-72.44,4050,466312
7.71,7.64,-72.42,-72.44,4005,466313
7.76,7.64,-72.38,-72.44,3876,466315
7.79,7.64,-72.33,-72.44,3887,466316
7.80,7.64,-72.36,-72.44,3879,466319
7.77,7.64,-72.39,-72.44,4095,466321
7.79,7.64,-72.41,-72.44,3920,466322
7.80,7.64,-72.39,-72.44,4003,466335
7.82,7.64,-72.41,-72.44,3882,466337
7.81,7.64,-72.39,-72.44,3776,466339
7.81,7.64,-72.38,-72.44,3679,466340
7.80,7.64,-72.42,-72.44,3881,466341
7.82,7.65,-72.42,-72.44,3922,466342
7.76,7.65,-72.40,-72.44,3343,466354
7.75,7.65,-72.40,-72.44,3923,466356
7.73,7.65,-72.41,-72.44,3979,466358
7.71,7.65,-72.43,-72.44,3823,466360
7.72,7.65,-72.42,-72.44,3923,466361
7.72,7.65,-72.42,-72.44,3826,466362
7.70,7.65,-72.42,-72.44,4003,466364
7.68,7.65,-72.47,-72.44,3933,466367
7.70,7.65,-72.49,-72.44,3882,466379
7.69,7.65,-72.47,-72.44,3952,466382
7.68,7.65,-72.47,-72.44,3933,466384
7.66,7.65,-72.47,-72.44,3877,466386
7.68,7.65,-72.47,-72.44,3922,466387
7.67,7.65,-72.47,-72.44,3875,466388
7.66,7.65,-72.54,-72.44,3899,466391
7.63,7.65,-72.54,-72.44,3862,466402
7.65,7.65,-72.54,-72.44,3887,466404
7.66,7.65,-72.52,-72.44,3850,466405
7.65,7.65,-72.49,-72.44,3834,466406
7.66,7.65,-72.46,-72.44,3965,466408
7.65,7.65,-72.45,-72.44,3913,466409
7.66,7.65,-72.41,-72.44,3918,466422
7.63,7.65,-72.42,-72.44,3981,466425
7.67,7.65,-72.41,-72.44,3890,466428
7.69,7.65,-72.40,-72.44,3997,466432
7.68,7.65,-72.36,-72.44,3952,466434
7.67,7.64,-72.34,-72.44,3904,466435
7.70,7.65,-72.28,-72.43,3923,466436
7.73,7.65,-72.33,-72.43,3726,466439
7.70,7.65,-72.35,-72.43,3904,466440
7.69,7.65,-72.36,-72.43,3850,466441
7.73,7.65,-72.34,-72.43,3922,466453
7.72,7.65,-72.39,-72.43,3824,466454
7.66,7.64,-72.45,-72.43,3921,466455
7.62,7.64,-72.52,-72.43,3888,466456
7.59,7.64,-72.53,-72.43,4095,466467
7.61,7.64,-72.51,-72.43,3946,466468
7.62,7.64,-72.52,-72.43,3915,466469
7.62,7.64,-72.53,-72.43,3844,466472
7.63,7.64,-72.54,-72.43,3857,466473
7.65,7.64,-72.56,-72.43,3831,466474
7.68,7.64,-72.51,-72.43,3958,466485
7.67,7.64,-72.52,-72.43,3903,466488
7.67,7.64,-72.49,-72.43,3856,466490
7.67,7.64,-72.47,-72.43,3909,466491
7.69,7.64,-72.45,-72.43,3935,466492
7.70,7.64,-72.43,-72.43,3947,466495
7.69,7.64,-72.42,-72.43,3953,466496
7.70,7.64,-72.44,-72.43,3953,466510
7.69,7.64,-72.46,-72.43,3815,466511
7.70,7.64,-72.44,-72.43,3825,466515
7.69,7.64,-72.43,-72.43,3893,466518
7.70,7.64,-72.40,-72.43,3978,466519
7.74,7.64,-72.44,-72.43,3888,466522
7.74,7.64,-72.43,-72.43,3861,466524
7.75,7.64,-72.45,-72.43,3840,466526
7.73,7.64,-72.48,-72.43,3917,466527
7.71,7.64,-72.49,-72.43,3927,466538
7.70,7.64,-72.47,-72.43,3937,466541
7.71,7.64,-72.44,-72.43,3904,466542
7.70,7.64,-72.45,-72.43,3831,466543
7.71,7.64,-72.47,-72.43,3892,466544
7.66,7.64,-72.54,-72.44,3775,466545
7.67,7.64,-72.53,-72.44,3963,466558
7.69,7.64,-72.54,-72.44,3664,466559
7.68,7.64,-72.55,-72.44,3919,466561
7.70,7.64,-72.55,-72.44,3894,466562
7.70,7.64,-72.51,-72.44,3940,466564
7.68,7.64,-72.52,-72.44,3872,466566
7.70,7.64,-72.53,-72.44,3909,466577
7.72,7.64,-72.57,-72.44,4086,466579
7.74,7.64,-72.55,-72.44,3892,466581
7.75,7.64,-72.53,-72.44,3863,466584
7.74,7.64,-72.48,-72.44,4095,466586
7.73,7.64,-72.47,-72.44,3343,466587
7.68,7.64,-72.50,-72.44,3859,466588
7.70,7.64,-72.44,-72.44,3921,466599
7.69,7.64,-72.42,-72.44,4095,466600
7.67,7.64,-72.41,-72.44,3927,466601
7.66,7.64,-72.43,-72.44,3883,466603
7.63,7.64,-72.45,-72.44,3958,466605
7.59,7.64,-72.47,-72.44,3847,466607
7.69,7.64,-72.50,-72.44,3882,466619
7.71,7.64,-72.47,-72.44,3924,466621
7.69,7.64,-72.45,-72.44,4037,466622
7.67,7.64,-72.40,-72.44,3951,466623
7.67,7.64,-72.43,-72.44,3567,466624
7.64,7.64,-72.46,-72.44,3947,466626
7.66,7.64,-72.44,-72.44,3901,466640
7.69,7.64,-72.45,-72.44,3952,466642
7.67,7.64,-72.51,-72.44,3839,466643
7.71,7.64,-72.49,-72.44,3922,466645
7.72,7.64,-72.46,-72.44,3867,466646
7.73,7.64,-72.45,-72.44,3954,466649
7.69,7.64,-72.47,-72.44,3786,466651
7.67,7.64,-72.43,-72.44,3997,466663
7.70,7.64,-72.49,-72.44,4023,466664
7.71,7.64,-72.51,-72.44,3905,466665
7.73,7.64,-72.42,-72.44,3908,466667
7.74,7.64,-72.45,-72.44,3411,466669
7.74,7.64,-72.47,-72.44,3903,466670
7.69,7.64,-72.51,-72.44,3982,466672
7.70,7.64,-72.48,-72.44,3923,466686
7.70,7.64,-72.45,-72.44,4064,466687
7.68,7.64,-72.50,-72.44,3899,466689
7.71,7.64,-72.45,-72.44,3838,466691
7.72,7.64,-72.45,-72.44,3950,466692
7.72,7.64,-72.44,-72.44,3920,466693
7.72,7.64,-72.45,-72.44,3898,466697
7.70,7.64,-72.50,-72.44,3773,466699
7.72,7.64,-72.53,-72.44,4019,466711
7.70,7.64,-72.53,-72.44,3891,466712
7.68,7.64,-72.50,-72.44,3909,466717
7.70,7.64,-72.49,-72.44,3889,466718
7.73,7.64,-72.50,-72.44,3810,466721
7.72,7.64,-72.53,-72.44,3856,466722
7.74,7.64,-72.58,-72.44,3933,466724
7.71,7.64,-72.58,-72.44,3804,466726
7.67,7.64,-72.59,-72.44,3904,466737
7.67,7.64,-72.63,-72.44,4095,466741
7.63,7.64,-72.57,-72.44,3918,466742
7.63,7.64,-72.54,-72.44,3990,466744
7.63,7.64,-72.55,-72.45,3888,466745
7.62,7.64,-72.54,-72.45,3916,466746
7.63,7.64,-72.51,-72.45,3929,466749
7.65,7.64,-72.53,-72.45,3920,466751
7.63,7.64,-72.48,-72.45,3915,466762
7.63,7.64,-72.47,-72.45,3687,466764
7.63,7.64,-72.44,-72.45,3900,466765
7.64,7.64,-72.45,-72.45,3946,466766
7.62,7.64,-72.42,-72.45,4090,466767
7.61,7.64,-72.46,-72.45,3817,466771
7.61,7.64,-72.44,-72.45,3706,466773
7.61,7.64,-72.43,-72.45,3939,466784
7.64,7.64,-72.48,-72.45,3903,466787
7.68,7.64,-72.45,-72.45,3995,466788
7.68,7.64,-72.45,-72.45,3935,466789
7.69,7.64,-72.43,-72.45,3955,466791
7.72,7.64,-72.44,-72.45,3876,466792
7.73,7.64,-72.41,-72.45,3936,466805
7.73,7.64,-72.38,-72.45,3968,466807
7.71,7.64,-72.38,-72.45,3868,466808
7.73,7.64,-72.43,-72.45,3865,466809
7.75,7.64,-72.48,-72.45,3874,466810
7.73,7.64,-72.56,-72.45,3864,466821
7.76,7.64,-72.55,-72.45,3931,466822
7.75,7.64,-72.46,-72.45,3899,466823
7.75,7.64,-72.42,-72.45,4016,466825
7.75,7.64,-72.41,-72.45,3847,466826
7.78,7.64,-72.38,-72.45,3920,466837
7.77,7.64,-72.38,-72.45,3904,466838
7.75,7.64,-72.36,-72.44,3897,466841
7.76,7.64,-72.33,-72.44,3904,466842
7.72,7.64,-72.37,-72.44,3911,466843
7.70,7.64,-72.41,-72.44,3929,466844
7.70,7.64,-72.39,-72.44,3878,466847
7.68,7.64,-72.37,-72.44,3895,466859
7.71,7.64,-72.40,-72.44,3856,466860
7.72,7.64,-72.43,-72.44,3886,466861
7.70,7.64,-72.44,-72.44,3767,466863
7.69,7.64,-72.45,-72.44,4031,466865
7.70,7.64,-72.43,-72.44,3984,466868
7.70,7.64,-72.47,-72.44,4081,466879
7.70,7.64,-72.47,-72.44,3946,466881
7.69,7.64,-72.50,-72.44,3985,466882
7.70,7.64,-72.47,-72.44,3867,466887
7.75,7.64,-72.44,-72.44,3612,466889
7.73,7.64,-72.43,-72.44,3953,466890
7.71,7.64,-72.46,-72.44,3935,466891
7.74,7.64,-72.46,-72.44,3927,466894
7.74,7.64,-72.46,-72.44,3840,466896
7.71,7.64,-72.46,-72.44,3842,466899
7.72,7.64,-72.48,-72.44,3920,466910
7.75,7.64,-72.48,-72.44,3898,466914
7.74,7.64,-72.46,-72.44,3935,466916
7.74,7.64,-72.41,-72.44,4095,466917
7.72,7.64,-72.41,-72.44,3935,466918
7.71,7.64,-72.42,-72.44,3853,466921
7.73,7.64,-72.41,-72.44,3873,466923
7.77,7.65,-72.34,-72.44,3897,466924
7.76,7.65,-72.37,-72.44,4095,466936
7.75,7.65,-72.45,-72.44,3857,466937
7.73,7.65,-72.45,-72.44,3842,466938
7.74,7.65,-72.42,-72.44,3887,466941
7.74,7.65,-72.44,-72.44,3881,466943
7.72,7.65,-72.46,-72.44,3856,466945
7.70,7.65,-72.40,-72.44,3952,466956
7.68,7.65,-72.43,-72.44,3838,466958
7.68,7.65,-72.49,-72.44,4095,466959
7.68,7.65,-72.49,-72.44,3503,466960
7.67,7.65,-72.53,-72.44,3905,466962
7.66,7.64,-72.56,-72.44,3879,466964
7.67,7.64,-72.51,-72.44,3971,466966
7.69,7.64,-72.44,-72.44,3877,466980
7.65,7.64,-72.45,-72.44,3946,466982
7.63,7.64,-72.46,-72.44,3895,466983
7.62,7.64,-72.40,-72.44,3936,466984
7.63,7.64,-72.44,-72.44,3835,466986
7.67,7.64,-72.43,-72.44,3872,466988
7.72,7.64,-72.42,-72.44,3817,466991
7.71,7.64,-72.45,-72.44,3511,466994
7.68,7.64,-72.54,-72.44,3939,467005
7.67,7.64,-72.49,-72.44,3981,467006
7.65,7.64,-72.50,-72.44,3935,467007
7.71,7.64,-72.48,-72.44,3939,467008
7.70,7.64,-72.52,-72.44,3809,467010
7.70,7.64,-72.51,-72.44,3952,467015
7.69,7.64,-72.45,-72.44,3883,467018
7.70,7.64,-72.39,-72.44,3916,467020
7.69,7.64,-72.37,-72.44,3961,467031
7.69,7.64,-72.35,-72.44,3880,467032
7.71,7.64,-72.34,-72.43,3931,467033
7.69,7.64,-72.34,-72.43,3990,467034
7.71,7.64,-72.39,-72.43,4016,467037
7.71,7.64,-72.41,-72.43,3748,467039
7.74,7.64,-72.42,-72.43,3825,467050
7.73,7.64,-72.45,-72.43,4095,467051
7.70,7.64,-72.44,-72.43,3951,467054
7.68,7.64,-72.44,-72.43,3837,467055
7.69,7.64,-72.47,-72.43,3728,467056
7.66,7.64,-72.51,-72.43,3807,467058
7.70,7.64,-72.51,-72.43,3822,467060
7.71,7.64,-72.53,-72.43,4026,467071
7.76,7.64,-72.53,-72.43,3921,467072
7.74,7.64,-72.53,-72.43,4007,467073
7.73,7.64,-72.53,-72.43,3898,467074
7.73,7.64,-72.51,-72.43,4009,467078
7.73,7.65,-72.51,-72.43,3917,467080
7.70,7.65,-72.49,-72.44,3867,467092
7.67,7.64,-72.50,-72.44,3935,467093
7.68,7.64,-72.52,-72.44,3884,467094
7.66,7.64,-72.50,-72.44,3615,467096
7.66,7.64,-72.50,-72.44,3951,467099
7.70,7.64,-72.47,-72.44,3866,467100
7.70,7.64,-72.47,-72.44,3414,467102
7.67,7.64,-72.52,-72.44,3845,467113
7.61,7.64,-72.57,-72.44,3911,467116
7.62,7.64,-72.61,-72.44,3986,467117
7.62,7.64,-72.56,-72.44,3948,467119
7.64,7.64,-72.55,-72.44,3807,467120
7.64,7.64,-72.52,-72.44,3943,467121
7.65,7.64,-72.55,-72.44,3890,467133
7.64,7.64,-72.54,-72.44,3984,467135
7.67,7.64,-72.50,-72.44,3865,467138
7.69,7.64,-72.48,-72.44,3942,467139
7.71,7.64,-72.46,-72.44,3971,467140
7.71,7.64,-72.36,-72.44,3931,467142
7.72,7.64,-72.34,-72.44,3567,467144
7.71,7.64,-72.37,-72.44,3932,467155
7.72,7.64,-72.38,-72.44,3557,467158
7.73,7.64,-72.36,-72.44,3891,467159
7.72,7.64,-72.35,-72.44,3968,467160
7.70,7.64,-72.38,-72.44,3828,467161
7.71,7.64,-72.36,-72.44,3877,467162
7.73,7.64,-72.36,-72.44,3874,467176
7.75,7.64,-72.41,-72.44,3946,467177
7.70,7.64,-72.46,-72.44,3679,467178
7.73,7.64,-72.47,-72.44,3903,467179
7.73,7.64,-72.45,-72.43,3952,467180
7.76,7.64,-72.46,-72.43,3808,467182
7.76,7.64,-72.42,-72.43,3874,467195
7.74,7.64,-72.41,-72.43,3878,467197
7.77,7.64,-72.36,-72.43,3479,467198
7.80,7.64,-72.34,-72.43,3856,467199
7.79,7.65,-72.38,-72.43,3488,467200
7.78,7.65,-72.40,-72.43,3840,467202
7.76,7.65,-72.43,-72.43,3897,467214
7.73,7.65,-72.44,-72.43,3874,467216
7.70,7.65,-72.46,-72.43,4095,467218
7.68,7.65,-72.49,-72.43,3934,467220
7.74,7.65,-72.48,-72.43,3949,467221
7.71,7.65,-72.48,-72.43,3875,467222
7.72,7.65,-72.52,-72.43,3734,467234
7.72,7.65,-72.52,-72.43,3967,467235
7.73,7.65,-72.49,-72.43,3855,467236
7.66,7.65,-72.49,-72.43,3809,467237
7.68,7.65,-72.45,-72.43,3890,467238
7.68,7.65,-72.48,-72.43,4095,467249
7.69,7.65,-72.46,-72.43,4042,467251
7.70,7.65,-72.43,-72.43,3920,467254
7.72,7.65,-72.40,-72.43,3915,467258
7.74,7.65,-72.44,-72.43,4095,467261
7.73,7.65,-72.44,-72.43,3984,467264
7.74,7.65,-72.45,-72.43,3954,467266
7.73,7.65,-72.46,-72.43,3872,467268
7.72,7.65,-72.51,-72.43,3923,467270
7.72,7.65,-72.52,-72.43,3951,467278
7.69,7.65,-72.52,-72.43,4081,467280
7.68,7.65,-72.58,-72.43,3903,467282
7.70,7.65,-72.57,-72.43,3968,467284
7.70,7.65,-72.45,-72.43,3852,467289
7.71,7.65,-72.44,-72.43,3966,467294
7.73,7.65,-72.46,-72.43,3825,467296
7.73,7.65,-72.44,-72.43,4095,467299
7.74,7.65,-72.42,-72.43,3907,467300
7.71,7.65,-72.42,-72.43,3879,467302
7.70,7.65,-72.47,-72.43,3922,467303
7.69,7.65,-72.49,-72.43,3962,467304
7.71,7.65,-72.46,-72.43,3836,467317
7.70,7.65,-72.45,-72.43,3856,467318
7.74,7.65,-72.45,-72.43,3873,467319
7.74,7.65,-72.40,-72.43,3624,467320
7.73,7.65,-72.41,-72.43,3823,467323
7.74,7.65,-72.37,-72.43,4095,467327
7.73,7.65,-72.39,-72.43,4095,467328
7.71,7.65,-72.42,-72.43,3903,467340
7.70,7.65,-72.43,-72.43,3830,467341
7.70,7.65,-72.47,-72.43,3487,467342
7.70,7.65,-72.45,-72.43,4018,467346
7.68,7.65,-72.45,-72.43,3916,467348
7.68,7.65,-72.42,-72.43,3915,467349
7.72,7.65,-72.44,-72.43,3858,467350
7.71,7.65,-72.41,-72.43,3965,467362
7.69,7.65,-72.44,-72.43,3793,467363
7.67,7.65,-72.47,-72.43,3966,467364
7.65,7.65,-72.46,-72.43,3897,467365
7.64,7.65,-72.44,-72.43,3898,467366
7.66,7.65,-72.40,-72.43,3927,467377
7.69,7.65,-72.34,-72.43,3951,467378
7.70,7.65,-72.32,-72.43,3905,467379
7.71,7.65,-72.41,-72.43,3945,467380
7.69,7.65,-72.37,-72.43,3901,467382
7.69,7.65,-72.42,-72.43,3823,467394
7.71,7.65,-72.41,-72.43,3887,467395
7.72,7.65,-72.42,-72.43,3934,467397
7.72,7.65,-72.42,-72.43,3943,467398
7.72,7.65,-72.43,-72.43,3690,467399
7.75,7.65,-72.42,-72.42,3882,467402
7.77,7.65,-72.37,-72.42,4031,467414
7.79,7.65,-72.31,-72.42,3910,467415
7.81,7.65,-72.32,-72.42,4034,467416
7.77,7.65,-72.41,-72.42,3952,467417
7.73,7.65,-72.48,-72.42,4019,467418
7.75,7.65,-72.48,-72.42,3899,467421
7.75,7.65,-72.48,-72.42,3898,467433
7.73,7.65,-72.52,-72.42,3985,467435
7.72,7.65,-72.53,-72.42,3757,467436
7.75,7.65,-72.52,-72.42,3951,467438
7.73,7.65,-72.48,-72.42,3892,467441
7.75,7.65,-72.45,-72.42,3984,467442
7.70,7.65,-72.49,-72.42,3969,467446
7.69,7.65,-72.51,-72.42,4016,467448
7.71,7.65,-72.50,-72.43,4081,467449
7.74,7.65,-72.53,-72.43,3990,467464
7.76,7.65,-72.51,-72.43,3808,467469
7.78,7.65,-72.51,-72.43,3979,467472
7.77,7.65,-72.48,-72.43,3861,467476
7.73,7.65,-72.49,-72.43,3911,467478
7.72,7.65,-72.51,-72.43,3962,467479
7.69,7.65,-72.50,-72.43,3883,467480
7.70,7.65,-72.48,-72.43,3887,467483
7.68,7.65,-72.51,-72.43,3915,467484
7.65,7.65,-72.48,-72.43,3631,467487
7.68,7.65,-72.50,-72.43,3929,467490
7.70,7.65,-72.50,-72.43,3906,467492
7.73,7.65,-72.48,-72.43,3937,467504
7.73,7.65,-72.45,-72.43,3900,467507
7.72,7.65,-72.43,-72.43,3860,467510
7.72,7.65,-72.42,-72.43,3920,467512
7.75,7.65,-72.44,-72.43,3984,467516
7.75,7.65,-72.40,-72.43,3856,467517
7.75,7.65,-72.37,-72.43,3915,467519
7.74,7.65,-72.37,-72.43,4095,467521
7.77,7.65,-72.32,-72.43,3891,467522
7.74,7.65,-72.30,-72.43,3985,467533
7.74,7.65,-72.34,-72.43,4003,467534
7.74,7.65,-72.36,-72.43,3903,467535
7.76,7.65,-72.34,-72.42,4021,467536
7.73,7.65,-72.40,-72.42,3871,467537
7.75,7.65,-72.44,-72.42,3974,467549
7.76,7.65,-72.42,-72.42,3919,467551
7.74,7.65,-72.42,-72.42,3899,467553
7.73,7.65,-72.44,-72.42,4030,467554
7.70,7.65,-72.47,-72.42,3866,467555
7.74,7.65,-72.43,-72.42,3431,467557
7.73,7.65,-72.40,-72.42,3970,467560
7.77,7.65,-72.42,-72.42,4095,467571
7.76,7.65,-72.47,-72.42,3870,467572
7.76,7.65,-72.48,-72.42,3903,467573
7.72,7.65,-72.43,-72.42,3951,467574
7.68,7.65,-72.39,-72.42,3943,467576
7.68,7.65,-72.35,-72.42,3905,467587
7.67,7.65,-72.38,-72.42,4027,467588
7.65,7.65,-72.38,-72.42,3856,467589
7.70,7.65,-72.43,-72.42,3888,467590
7.71,7.65,-72.50,-72.42,3920,467601
7.73,7.65,-72.47,-72.42,3903,467602
7.76,7.65,-72.45,-72.42,3839,467603
7.74,7.65,-72.46,-72.42,4035,467604
7.75,7.65,-72.46,-72.42,3856,467606
7.76,7.65,-72.41,-72.42,3950,467617
7.76,7.65,-72.41,-72.42,3905,467619
7.74,7.65,-72.41,-72.42,3633,467620
7.73,7.65,-72.47,-72.42,3947,467621
7.71,7.65,-72.46,-72.42,4095,467624
7.70,7.65,-72.52,-72.42,4031,467625
7.71,7.65,-72.54,-72.42,3851,467636
7.71,7.65,-72.52,-72.42,3935,467638
7.72,7.65,-72.54,-72.43,3929,467639
7.72,7.65,-72.47,-72.43,3745,467642
7.68,7.65,-72.46,-72.43,3758,467643
7.70,7.65,-72.44,-72.43,3872,467644
7.70,7.65,-72.47,-72.43,3914,467646
7.71,7.65,-72.50,-72.43,3936,467658
7.71,7.65,-72.47,-72.43,3890,467659
7.71,7.65,-72.47,-72.43,3878,467660
7.68,7.65,-72.53,-72.43,3873,467663
7.72,7.65,-72.49,-72.43,3901,467664
7.74,7.65,-72.46,-72.43,3879,467665
7.74,7.65,-72.45,-72.43,3855,467678
7.77,7.65,-72.45,-72.43,3915,467679
7.76,7.65,-72.44,-72.43,3829,467680
7.74,7.65,-72.47,-72.43,3885,467684
7.73,7.65,-72.49,-72.43,3838,467685
7.73,7.65,-72.45,-72.43,3833,467687
7.72,7.65,-72.49,-72.43,3922,467688
7.71,7.65,-72.50,-72.43,3875,467700
7.70,7.65,-72.48,-72.43,3877,467703
7.68,7.65,-72.50,-72.43,3937,467705
7.68,7.65,-72.50,-72.43,3890,467706
7.71,7.65,-72.46,-72.43,3971,467708
7.67,7.65,-72.48,-72.43,3856,467710
7.65,7.65,-72.51,-72.43,4004,467711
7.61,7.65,-72.55,-72.43,4095,467722
7.68,7.65,-72.58,-72.43,3971,467724
7.67,7.65,-72.56,-72.43,3894,467726
7.70,7.65,-72.53,-72.44,3883,467727
7.72,7.65,-72.50,-72.44,3837,467728
7.71,7.65,-72.46,-72.44,3920,467739
7.70,7.65,-72.49,-72.44,3937,467741
7.71,7.65,-72.51,-72.44,3607,467742
7.70,7.65,-72.53,-72.44,3963,467744
7.69,7.65,-72.54,-72.44,3902,467746
7.68,7.65,-72.56,-72.44,3845,467749
7.68,7.65,-72.54,-72.44,3858,467752
7.65,7.65,-72.55,-72.44,3881,467755
7.69,7.65,-72.53,-72.44,3551,467756
7.68,7.65,-72.54,-72.44,3840,467768
7.69,7.65,-72.54,-72.44,4006,467771
7.66,7.65,-72.59,-72.44,3838,467772
7.68,7.65,-72.58,-72.44,3886,467773
7.67,7.65,-72.55,-72.44,3888,467776
7.72,7.65,-72.49,-72.44,3851,467778
7.73,7.65,-72.44,-72.44,3959,467779
7.71,7.65,-72.46,-72.44,3781,467790
7.68,7.65,-72.50,-72.44,3911,467793
7.66,7.65,-72.46,-72.44,3913,467795
7.66,7.65,-72.45,-72.44,3927,467796
7.69,7.65,-72.45,-72.44,3842,467798
7.68,7.65,-72.50,-72.44,3879,467799
7.73,7.65,-72.46,-72.44,3867,467810
7.71,7.65,-72.45,-72.44,3824,467811
7.72,7.65,-72.42,-72.44,3933,467813
7.73,7.65,-72.43,-72.44,3951,467815
7.73,7.65,-72.39,-72.44,3875,467817
7.72,7.65,-72.42,-72.44,3890,467818
7.72,7.65,-72.45,-72.44,4095,467820
7.71,7.65,-72.43,-72.44,3826,467831
7.67,7.65,-72.47,-72.44,4010,467832
7.68,7.65,-72.47,-72.44,3881,467834
7.65,7.65,-72.50,-72.44,3949,467836
7.67,7.65,-72.52,-72.44,3890,467837
7.66,7.65,-72.55,-72.44,3954,467848
7.64,7.65,-72.54,-72.44,4095,467850
7.67,7.65,-72.48,-72.44,3953,467851
7.66,7.65,-72.47,-72.44,3869,467854
7.67,7.65,-72.45,-72.44,3893,467856
7.68,7.65,-72.41,-72.44,3887,467857
7.68,7.65,-72.46,-72.44,3861,467858
7.69,7.65,-72.46,-72.44,3965,467870
7.68,7.65,-72.44,-72.44,3737,467871
7.71,7.65,-72.45,-72.44,3950,467872
7.72,7.65,-72.45,-72.44,3879,467873
7.71,7.65,-72.43,-72.44,4095,467875
7.69,7.65,-72.44,-72.44,3568,467887
7.69,7.65,-72.46,-72.44,3872,467889
7.69,7.65,-72.48,-72.44,3723,467892
7.68,7.65,-72.44,-72.44,3732,467894
7.66,7.65,-72.48,-72.44,3870,467895
7.66,7.65,-72.50,-72.44,3874,467896
7.66,7.65,-72.49,-72.44,3840,467898
7.63,7.65,-72.54,-72.44,4023,467903
7.62,7.65,-72.54,-72.44,3925,467906
7.67,7.65,-72.53,-72.44,3583,467907
7.64,7.65,-72.53,-72.44,3902,467919
7.68,7.64,-72.54,-72.44,3904,467920
7.70,7.64,-72.51,-72.44,3950,467921
7.72,7.65,-72.47,-72.44,3911,467922
7.72,7.65,-72.50,-72.44,3904,467923
7.70,7.65,-72.51,-72.44,3862,467934
7.69,7.65,-72.55,-72.45,3839,467935
7.68,7.65,-72.55,-72.45,4001,467936
7.66,7.65,-72.52,-72.45,3904,467937
7.64,7.65,-72.56,-72.45,3796,467938
7.67,7.65,-72.52,-72.45,4003,467950
7.68,7.65,-72.47,-72.45,3955,467951
7.70,7.65,-72.49,-72.45,3601,467953
7.68,7.65,-72.47,-72.45,4071,467955
7.67,7.65,-72.49,-72.45,3823,467956
7.71,7.65,-72.47,-72.45,3917,467967
7.69,7.64,-72.51,-72.45,3807,467971
7.72,7.65,-72.44,-72.45,3971,467973
7.72,7.65,-72.38,-72.45,3894,467975
7.73,7.65,-72.42,-72.45,3932,467978
7.73,7.65,-72.40,-72.45,3907,467979
7.71,7.65,-72.39,-72.44,3892,467980
7.68,7.65,-72.47,-72.44,4095,467982
7.72,7.65,-72.45,-72.44,3929,467984
7.71,7.65,-72.42,-72.44,3910,467997
7.69,7.64,-72.50,-72.44,3887,467999
7.69,7.64,-72.51,-72.44,4095,468000
7.70,7.64,-72.51,-72.44,3899,468001
7.69,7.64,-72.50,-72.44,4001,468003
7.69,7.64,-72.50,-72.44,3826,468010
7.68,7.64,-72.51,-72.45,3910,468011
7.70,7.64,-72.49,-72.45,3905,468012
7.68,7.64,-72.47,-72.45,3914,468013
7.66,7.64,-72.47,-72.45,3972,468024
7.67,7.64,-72.49,-72.45,3906,468027
7.72,7.64,-72.44,-72.45,3899,468029
7.73,7.64,-72.39,-72.44,3952,468031
7.70,7.64,-72.43,-72.44,3942,468033
7.68,7.64,-72.45,-72.44,3350,468034
7.68,7.64,-72.48,-72.44,3958,468037
7.65,7.64,-72.48,-72.44,4095,468039
7.66,7.64,-72.44,-72.44,3937,468050
7.65,7.64,-72.41,-72.44,3955,468052
7.64,7.64,-72.48,-72.44,3827,468053
7.65,7.64,-72.43,-72.44,3671,468055
7.66,7.64,-72.48,-72.44,3920,468057
7.68,7.64,-72.56,-72.44,3977,468058
7.66,7.64,-72.55,-72.44,4095,468069
7.67,7.64,-72.58,-72.45,3984,468072
7.68,7.64,-72.60,-72.45,3919,468073
7.73,7.64,-72.56,-72.45,4095,468074
7.71,7.64,-72.54,-72.45,4018,468075
7.70,7.64,-72.54,-72.45,3868,468086
7.72,7.64,-72.54,-72.45,3879,468090
7.73,7.64,-72.52,-72.45,3856,468091
7.75,7.64,-72.50,-72.45,4073,468092
7.76,7.64,-72.44,-72.45,3909,468093
7.72,7.64,-72.47,-72.45,4032,468094
7.73,7.64,-72.50,-72.45,3915,468096
7.73,7.64,-72.46,-72.45,3773,468107
7.74,7.64,-72.46,-72.45,3888,468108
7.74,7.64,-72.43,-72.45,3897,468110
7.76,7.64,-72.44,-72.45,3814,468113
7.76,7.64,-72.47,-72.45,3920,468114
7.74,7.64,-72.47,-72.45,3906,468116
7.70,7.64,-72.47,-72.45,3905,468127
7.70,7.65,-72.49,-72.45,3818,468130
7.70,7.65,-72.51,-72.45,3904,468133
7.71,7.65,-72.49,-72.45,3856,468134
7.72,7.65,-72.49,-72.45,3871,468136
7.76,7.65,-72.52,-72.45,3874,468138
7.73,7.65,-72.58,-72.45,3875,468139
7.69,7.65,-72.57,-72.45,4095,468151
7.71,7.65,-72.51,-72.45,4067,468152
7.73,7.65,-72.54,-72.45,3923,468153
7.74,7.65,-72.52,-72.45,3780,468155
7.70,7.65,-72.51,-72.45,3923,468156
7.70,7.65,-72.48,-72.45,3873,468158
7.70,7.65,-72.48,-72.45,3911,468169
7.71,7.65,-72.48,-72.45,3731,468171
7.72,7.65,-72.43,-72.45,4095,468173
7.68,7.65,-72.38,-72.45,3815,468174
7.68,7.65,-72.40,-72.45,4086,468175
7.69,7.65,-72.38,-72.45,4095,468179
7.68,7.65,-72.42,-72.45,3984,468180
7.70,7.65,-72.45,-72.45,3802,468193
7.76,7.65,-72.42,-72.45,3839,468194
7.74,7.65,-72.41,-72.45,3952,468195
7.73,7.65,-72.35,-72.45,3920,468196
7.75,7.65,-72.38,-72.45,3900,468197
7.74,7.65,-72.40,-72.44,3856,468209
7.76,7.65,-72.38,-72.44,3935,468210
7.75,7.65,-72.38,-72.44,3922,468213
7.73,7.65,-72.40,-72.44,3898,468216
7.76,7.65,-72.41,-72.44,3892,468218
7.74,7.65,-72.46,-72.44,3809,468220
7.72,7.65,-72.46,-72.44,3681,468222
7.69,7.65,-72.48,-72.44,3967,468223
7.71,7.65,-72.49,-72.44,3663,468234
7.72,7.65,-72.45,-72.44,3750,468237
7.71,7.65,-72.40,-72.44,3877,468238
7.71,7.65,-72.37,-72.44,3917,468240
7.72,7.65,-72.39,-72.44,3959,468241
7.72,7.65,-72.41,-72.44,3853,468242
7.73,7.65,-72.39,-72.44,3787,468253
7.72,7.65,-72.42,-72.44,3920,468257
7.69,7.65,-72.48,-72.44,3911,468258
7.68,7.65,-72.46,-72.44,3882,468259
7.68,7.65,-72.48,-72.44,3856,468260
7.70,7.65,-72.46,-72.44,3918,468261
7.70,7.65,-72.49,-72.44,3873,468273
7.73,7.65,-72.47,-72.44,3391,468274
7.74,7.65,-72.48,-72.44,4095,468275
7.71,7.65,-72.48,-72.44,3873,468276
7.67,7.65,-72.48,-72.44,3833,468278
7.67,7.65,-72.47,-72.44,3535,468289
7.66,7.65,-72.46,-72.44,3963,468292
7.66,7.65,-72.44,-72.44,3921,468293
7.66,7.65,-72.44,-72.44,3925,468295
7.68,7.65,-72.48,-72.44,3863,468296
7.67,7.65,-72.48,-72.44,3935,468297
7.68,7.65,-72.52,-72.44,3983,468309
7.68,7.65,-72.53,-72.44,3856,468310
7.67,7.65,-72.57,-72.44,3934,468312
7.69,7.65,-72.57,-72.44,3908,468313
7.69,7.65,-72.61,-72.44,3869,468315
7.65,7.65,-72.64,-72.44,3808,468318
7.62,7.65,-72.61,-72.45,3877,468319
7.65,7.65,-72.56,-72.45,3897,468331
7.66,7.65,-72.51,-72.45,3769,468332
7.67,7.65,-72.49,-72.45,3985,468335
7.63,7.65,-72.53,-72.45,3877,468338
7.62,7.65,-72.56,-72.45,3938,468339
7.62,7.65,-72.63,-72.45,3941,468340
7.64,7.65,-72.60,-72.45,3951,468341
7.64,7.65,-72.55,-72.45,3985,468353
7.68,7.65,-72.54,-72.45,3606,468354
7.69,7.65,-72.54,-72.45,3940,468355
7.69,7.65,-72.55,-72.45,3856,468358
7.68,7.65,-72.51,-72.45,3888,468359
7.67,7.65,-72.49,-72.45,3925,468360
7.67,7.65,-72.47,-72.45,4069,468373
7.67,7.65,-72.55,-72.45,3840,468374
7.65,7.65,-72.53,-72.45,3741,468375
7.64,7.65,-72.58,-72.45,3966,468377
7.63,7.65,-72.56,-72.45,3877,468378
7.66,7.65,-72.52,-72.46,4095,468389
7.67,7.65,-72.52,-72.46,3933,468391
7.66,7.65,-72.59,-72.46,4095,468392
7.65,7.65,-72.54,-72.46,3881,468393
7.68,7.64,-72.47,-72.46,4095,468394
7.69,7.64,-72.48,-72.46,3984,468395
7.69,7.64,-72.49,-72.46,4066,468408
7.69,7.64,-72.49,-72.46,3931,468409
7.67,7.64,-72.53,-72.46,3919,468410
7.68,7.64,-72.56,-72.46,3931,468411
7.68,7.64,-72.58,-72.46,4001,468414
7.73,7.64,-72.55,-72.46,3959,468416
7.70,7.64,-72.50,-72.46,3856,468419
7.70,7.64,-72.47,-72.46,3969,468422
7.71,7.64,-72.44,-72.46,4003,468433
7.73,7.64,-72.41,-72.46,3856,468435
7.71,7.64,-72.45,-72.46,4095,468436
7.69,7.64,-72.50,-72.46,3954,468437
7.69,7.64,-72.49,-72.46,3898,468438
7.69,7.64,-72.46,-72.46,3871,468449
7.73,7.64,-72.42,-72.46,3909,468452
7.76,7.64,-72.40,-72.46,3943,468453
7.76,7.64,-72.38,-72.45,3953,468454
7.78,7.65,-72.33,-72.45,3975,468455
7.79,7.65,-72.31,-72.45,3927,468456
7.76,7.65,-72.30,-72.45,3858,468469
7.77,7.65,-72.33,-72.45,3856,468470
7.80,7.65,-72.37,-72.45,3924,468471
7.80,7.65,-72.32,-72.45,3879,468473
7.80,7.65,-72.34,-72.45,3985,468474
7.77,7.65,-72.36,-72.45,3920,468476
7.76,7.65,-72.36,-72.45,3867,468490
7.77,7.65,-72.38,-72.45,3947,468491
7.77,7.65,-72.44,-72.45,3932,468492
7.74,7.65,-72.48,-72.45,3829,468493
7.75,7.65,-72.50,-72.45,3678,468494
7.76,7.65,-72.42,-72.45,3810,468506
7.72,7.65,-72.44,-72.45,4088,468507
7.72,7.65,-72.44,-72.45,3951,468508
7.72,7.65,-72.44,-72.45,3888,468510
7.71,7.65,-72.43,-72.45,3415,468512
7.66,7.65,-72.42,-72.45,4001,468514
7.66,7.65,-72.44,-72.45,3872,468526
7.65,7.65,-72.47,-72.45,4021,468529
7.68,7.65,-72.49,-72.45,3571,468530
7.70,7.65,-72.49,-72.45,3915,468531
7.71,7.65,-72.44,-72.44,3982,468534
7.73,7.65,-72.43,-72.44,3951,468535
7.71,7.65,-72.50,-72.44,3939,468537
7.70,7.65,-72.48,-72.44,3920,468548
7.67,7.65,-72.48,-72.44,3856,468550
7.69,7.65,-72.50,-72.44,3888,468551
7.71,7.65,-72.50,-72.44,3964,468552
7.72,7.65,-72.52,-72.44,3886,468553
7.74,7.65,-72.52,-72.45,3905,468565
7.73,7.65,-72.53,-72.45,3957,468566
7.73,7.65,-72.55,-72.45,3918,468567
7.72,7.65,-72.53,-72.45,3984,468568
7.69,7.65,-72.50,-72.45,3973,468570
7.66,7.65,-72.51,-72.45,3888,468572
7.67,7.65,-72.52,-72.45,3911,468583
7.68,7.65,-72.46,-72.45,3859,468586
7.71,7.65,-72.43,-72.45,3951,468588
7.72,7.65,-72.42,-72.45,3813,468589
7.75,7.65,-72.42,-72.45,3919,468590
7.75,7.65,-72.44,-72.45,3762,468591
7.72,7.65,-72.39,-72.45,3956,468594
7.74,7.65,-72.39,-72.44,3665,468606
7.74,7.65,-72.36,-72.44,4076,468607
7.76,7.65,-72.33,-72.44,3937,468608
7.77,7.65,-72.36,-72.44,3961,468609
7.78,7.66,-72.34,-72.44,4095,468611
7.74,7.66,-72.39,-72.44,4095,468622
7.76,7.66,-72.39,-72.44,3922,468624
7.76,7.66,-72.39,-72.44,3898,468625
7.74,7.66,-72.38,-72.44,3846,468628
7.71,7.66,-72.39,-72.44,3933,468631
7.71,7.66,-72.41,-72.44,3583,468634
7.71,7.66,-72.36,-72.44,3859,468637
7.74,7.66,-72.36,-72.44,3973,468638
7.71,7.66,-72.39,-72.44,3893,468639
7.74,7.66,-72.39,-72.44,3827,468650
7.70,7.66,-72.35,-72.44,3834,468652
7.68,7.66,-72.31,-72.44,4027,468654
7.70,7.66,-72.37,-72.44,3854,468655
7.70,7.66,-72.42,-72.44,4016,468656
7.69,7.66,-72.43,-72.44,3889,468658
7.69,7.65,-72.44,-72.44,3718,468671
7.68,7.65,-72.48,-72.44,3957,468673
7.71,7.65,-72.45,-72.44,3847,468675
7.76,7.65,-72.47,-72.44,3749,468676
7.75,7.66,-72.45,-72.44,3910,468678
7.71,7.66,-72.48,-72.44,3885,468679
7.71,7.66,-72.53,-72.44,3856,468690
7.71,7.66,-72.58,-72.44,3994,468693
7.73,7.66,-72.58,-72.44,3863,468697
7.76,7.66,-72.53,-72.44,3563,468698
7.75,7.66,-72.52,-72.44,3891,468699
7.76,7.66,-72.51,-72.44,3823,468700
7.73,7.66,-72.51,-72.44,3875,468702
7.69,7.66,-72.49,-72.44,3920,468703
7.69,7.66,-72.47,-72.44,3811,468715
7.62,7.65,-72.42,-72.44,3986,468717
7.63,7.65,-72.40,-72.44,3865,468718
7.68,7.65,-72.42,-72.44,3887,468721
7.70,7.65,-72.44,-72.44,4095,468722
7.68,7.65,-72.40,-72.44,3792,468723
7.70,7.65,-72.39,-72.44,3857,468735
7.70,7.65,-72.45,-72.44,3963,468738
7.66,7.65,-72.44,-72.44,3926,468739
7.63,7.65,-72.42,-72.44,3821,468740
7.62,7.65,-72.42,-72.44,3909,468743
7.61,7.65,-72.44,-72.44,3963,468744
7.61,7.65,-72.40,-72.43,3968,468745
7.63,7.65,-72.38,-72.43,3958,468748
7.71,7.65,-72.42,-72.43,3964,468760
7.71,7.65,-72.43,-72.43,3922,468761
7.68,7.65,-72.45,-72.43,4008,468764
7.66,7.65,-72.45,-72.43,3528,468766
7.66,7.65,-72.51,-72.43,3971,468767
7.67,7.65,-72.53,-72.43,3793,468768
7.68,7.65,-72.51,-72.43,3954,468771
7.72,7.65,-72.45,-72.43,3936,468782
7.69,7.65,-72.45,-72.43,3917,468784
7.72,7.65,-72.44,-72.43,3899,468785
7.73,7.65,-72.45,-72.43,3814,468787
7.71,7.65,-72.43,-72.43,3904,468788
7.68,7.65,-72.42,-72.43,3808,468799
7.65,7.65,-72.50,-72.43,3899,468802
7.64,7.65,-72.53,-72.43,3911,468805
7.66,7.65,-72.51,-72.43,3978,468806
7.66,7.65,-72.50,-72.43,3909,468807
7.64,7.65,-72.49,-72.43,3949,468808
7.65,7.65,-72.50,-72.43,3937,468811
7.66,7.65,-72.52,-72.43,3820,468812
7.69,7.65,-72.50,-72.44,3821,468824
7.72,7.65,-72.48,-72.44,4064,468825
7.74,7.65,-72.48,-72.44,3948,468828
7.77,7.65,-72.48,-72.44,4016,468829
7.76,7.65,-72.52,-72.44,3813,468830
7.77,7.65,-72.52,-72.44,4095,468841
7.74,7.65,-72.52,-72.44,3843,468842
7.75,7.65,-72.47,-72.44,3922,468844
7.75,7.65,-72.43,-72.44,3967,468846
7.77,7.65,-72.44,-72.44,3941,468847
7.77,7.65,-72.49,-72.44,3910,468849
7.73,7.65,-72.49,-72.44,3902,468860
7.72,7.65,-72.53,-72.44,3856,468862
7.70,7.65,-72.51,-72.44,3852,468863
7.72,7.65,-72.48,-72.44,3969,468866
7.74,7.66,-72.48,-72.44,3744,468867
7.70,7.66,-72.47,-72.44,3903,468868
7.65,7.66,-72.44,-72.44,3936,468870
7.66,7.65,-72.43,-72.44,3918,468881
7.66,7.65,-72.44,-72.44,3943,468882
7.67,7.65,-72.44,-72.44,3888,468884
7.67,7.65,-72.45,-72.44,3920,468885
7.70,7.65,-72.47,-72.44,3870,468886
7.70,7.65,-72.49,-72.44,3898,468898
7.71,7.65,-72.58,-72.44,4095,468899
7.71,7.65,-72.55,-72.44,3918,468900
7.71,7.65,-72.56,-72.44,4095,468901
7.72,7.65,-72.62,-72.44,3901,468902
7.73,7.65,-72.65,-72.44,3917,468915
7.73,7.65,-72.64,-72.44,3942,468917
7.76,7.65,-72.59,-72.44,3788,468919
7.70,7.65,-72.58,-72.44,3917,468920
7.70,7.65,-72.57,-72.44,3824,468921
7.71,7.65,-72.56,-72.44,3975,468922
7.73,7.65,-72.56,-72.45,3918,468934
7.71,7.65,-72.47,-72.45,4095,468935
7.71,7.65,-72.45,-72.45,4095,468936
7.74,7.65,-72.48,-72.45,3884,468938
7.76,7.65,-72.47,-72.45,3933,468941
7.75,7.65,-72.49,-72.45,3941,468942
7.75,7.65,-72.47,-72.45,3752,468954
7.74,7.66,-72.46,-72.45,4095,468955
7.74,7.66,-72.46,-72.45,3867,468958
7.73,7.66,-72.47,-72.45,3871,468960
7.72,7.66,-72.46,-72.45,3481,468961
7.74,7.66,-72.42,-72.45,3969,468962
7.76,7.66,-72.44,-72.45,3931,468963
7.76,7.66,-72.48,-72.45,3846,468975
7.76,7.66,-72.52,-72.45,3896,468976
7.73,7.66,-72.47,-72.45,3551,468977
7.67,7.66,-72.49,-72.45,3883,468978
7.67,7.66,-72.45,-72.45,3858,468979
7.70,7.66,-72.47,-72.45,3857,468991
7.73,7.66,-72.50,-72.45,4080,468992
7.74,7.66,-72.50,-72.45,3979,468993
7.76,7.66,-72.51,-72.45,3910,468994
7.79,7.66,-72.49,-72.45,4015,468995
7.80,7.66,-72.49,-72.45,3985,469007
7.79,7.66,-72.46,-72.45,4016,469008
7.79,7.66,-72.47,-72.45,3824,469009
7.75,7.66,-72.47,-72.45,3930,469011
7.76,7.66,-72.49,-72.45,3889,469013
7.73,7.66,-72.53,-72.45,3888,469024
7.69,7.66,-72.51,-72.45,3906,469027
7.68,7.66,-72.52,-72.45,3903,469028
7.70,7.66,-72.51,-72.45,3925,469029
7.72,7.66,-72.46,-72.45,3975,469031
7.69,7.66,-72.49,-72.45,3949,469032
7.66,7.66,-72.53,-72.45,3935,469043
7.67,7.66,-72.51,-72.45,4095,469046
7.69,7.66,-72.53,-72.45,3792,469048
7.70,7.66,-72.53,-72.45,3888,469049
7.70,7.66,-72.45,-72.45,3951,469050
7.71,7.66,-72.44,-72.45,3807,469051
7.72,7.66,-72.49,-72.45,3937,469053
7.72,7.66,-72.45,-72.45,4034,469066
7.73,7.66,-72.43,-72.45,3920,469067
7.72,7.66,-72.45,-72.45,3918,469068
7.72,7.66,-72.44,-72.45,3962,469069
7.68,7.66,-72.45,-72.45,3801,469070
7.69,7.66,-72.42,-72.45,3916,469082
7.66,7.66,-72.44,-72.45,3900,469084
7.66,7.66,-72.42,-72.45,3934,469085
7.66,7.66,-72.42,-72.45,3881,469086
7.70,7.66,-72.47,-72.45,3839,469087
7.67,7.66,-72.45,-72.45,4002,469088
7.69,7.66,-72.47,-72.45,3942,469100
7.66,7.66,-72.42,-72.45,3842,469102
7.68,7.66,-72.41,-72.45,3896,469103
7.69,7.66,-72.37,-72.45,3914,469106
7.69,7.66,-72.38,-72.45,3887,469108
7.69,7.66,-72.38,-72.45,3860,469110
7.67,7.66,-72.40,-72.45,3887,469111
7.69,7.66,-72.37,-72.45,3824,469124
7.69,7.66,-72.42,-72.45,3758,469125
7.66,7.66,-72.47,-72.45,4003,469126
7.68,7.66,-72.52,-72.45,3908,469127
7.67,7.66,-72.54,-72.45,3919,469128
7.75,7.66,-72.53,-72.45,3770,469140
7.76,7.66,-72.54,-72.45,3836,469141
7.78,7.66,-72.51,-72.45,3881,469143
7.78,7.66,-72.52,-72.45,3851,469145
7.76,7.66,-72.51,-72.45,3904,469146
7.75,7.66,-72.53,-72.45,3840,469147
7.73,7.66,-72.59,-72.45,3958,469160
7.71,7.66,-72.60,-72.45,3951,469162
7.71,7.66,-72.60,-72.45,3933,469166
7.75,7.66,-72.58,-72.45,3920,469167
7.75,7.66,-72.59,-72.45,3979,469169
7.75,7.66,-72.52,-72.45,3921,469170
7.70,7.66,-72.47,-72.45,3827,469171
7.71,7.66,-72.46,-72.45,3938,469173
7.71,7.66,-72.42,-72.45,3895,469185
7.69,7.66,-72.42,-72.45,3892,469186
7.73,7.66,-72.41,-72.45,3867,469187
7.71,7.66,-72.36,-72.45,3939,469190
7.71,7.66,-72.37,-72.45,3866,469191
7.68,7.66,-72.36,-72.45,3904,469192
7.71,7.66,-72.39,-72.45,3984,469206
7.74,7.66,-72.33,-72.45,3889,469207
7.73,7.66,-72.38,-72.45,3857,469209
7.69,7.66,-72.37,-72.45,3824,469210
7.68,7.66,-72.42,-72.45,3933,469211
7.70,7.66,-72.41,-72.45,3837,469212
7.73,7.66,-72.39,-72.45,3947,469224
7.77,7.66,-72.34,-72.44,4062,469226
7.76,7.66,-72.35,-72.44,3814,469227
7.75,7.66,-72.37,-72.44,3990,469228
7.75,7.66,-72.39,-72.44,3363,469229
7.74,7.66,-72.41,-72.44,3964,469240
7.71,7.66,-72.42,-72.44,4095,469241
7.72,7.66,-72.39,-72.44,3777,469243
7.72,7.66,-72.42,-72.44,3902,469244
7.74,7.66,-72.42,-72.44,3915,469245
7.73,7.66,-72.43,-72.44,3887,469256
7.72,7.66,-72.40,-72.44,3879,469258
7.70,7.66,-72.41,-72.44,3869,469259
7.68,7.66,-72.40,-72.44,3925,469260
7.71,7.66,-72.37,-72.44,3855,469261
7.70,7.66,-72.35,-72.44,3863,469273
7.71,7.66,-72.35,-72.44,3792,469274
7.74,7.66,-72.34,-72.44,3938,469275
7.72,7.66,-72.31,-72.44,4007,469276
7.71,7.66,-72.31,-72.44,3567,469277
7.70,7.66,-72.29,-72.44,3957,469289
7.71,7.66,-72.28,-72.44,3895,469290
7.71,7.66,-72.30,-72.44,4095,469291
7.69,7.66,-72.39,-72.43,3970,469292
7.73,7.66,-72.39,-72.43,3841,469293
7.73,7.66,-72.40,-72.43,3791,469295
7.72,7.66,-72.44,-72.43,3884,469306
7.73,7.66,-72.47,-72.43,3889,469307
7.74,7.66,-72.42,-72.43,3859,469308
7.74,7.66,-72.36,-72.43,4044,469309
7.72,7.66,-72.41,-72.43,3815,469313
7.72,7.66,-72.43,-72.43,3995,469315
7.74,7.66,-72.42,-72.43,3953,469328
7.75,7.66,-72.43,-72.43,3855,469329
7.75,7.66,-72.42,-72.43,3920,469331
7.75,7.66,-72.49,-72.43,4095,469332
7.74,7.66,-72.50,-72.43,3982,469333
7.76,7.66,-72.52,-72.43,4095,469337
7.75,7.66,-72.52,-72.43,4095,469339
7.75,7.66,-72.49,-72.43,3808,469350
7.74,7.66,-72.48,-72.43,3920,469355
7.71,7.66,-72.49,-72.43,4095,469356
7.69,7.66,-72.44,-72.43,3961,469357
7.68,7.66,-72.41,-72.43,3851,469358
7.70,7.66,-72.40,-72.43,3583,469359
7.69,7.66,-72.43,-72.43,3813,469362
7.69,7.66,-72.48,-72.43,3901,469364
7.67,7.66,-72.50,-72.43,3432,469377
7.70,7.66,-72.48,-72.43,3891,469378
7.68,7.66,-72.50,-72.44,3911,469379
7.70,7.66,-72.46,-72.44,3920,469380
7.68,7.66,-72.44,-72.44,3941,469382
7.69,7.66,-72.48,-72.44,3937,469384
7.70,7.66,-72.49,-72.44,3856,469395
7.69,7.66,-72.48,-72.44,3814,469396
7.67,7.66,-72.46,-72.44,3855,469398
7.70,7.66,-72.35,-72.44,3678,469399
7.67,7.66,-72.33,-72.43,3883,469400
7.66,7.66,-72.34,-72.43,3820,469412
7.72,7.66,-72.35,-72.43,3891,469413
7.72,7.66,-72.40,-72.43,3930,469414
7.70,7.66,-72.40,-72.43,3842,469415
7.67,7.66,-72.42,-72.43,4051,469418
7.67,7.66,-72.44,-72.43,3884,469420
7.66,7.66,-72.42,-72.43,3861,469431
7.67,7.66,-72.38,-72.43,3917,469435
7.64,7.66,-72.43,-72.43,3984,469436
7.66,7.66,-72.42,-72.43,4080,469438
7.67,7.66,-72.43,-72.43,3927,469439
7.68,7.66,-72.44,-72.43,3938,469440
7.66,7.66,-72.50,-72.43,3859,469441
7.67,7.66,-72.40,-72.43,3837,469453
7.69,7.66,-72.40,-72.43,3955,469454
7.69,7.66,-72.39,-72.43,3906,469455
7.71,7.66,-72.39,-72.43,4095,469456
7.71,7.66,-72.40,-72.43,4020,469459
7.70,7.66,-72.44,-72.43,3904,469470
7.69,7.66,-72.48,-72.43,3890,469472
7.70,7.65,-72.51,-72.43,3979,469477
7.72,7.66,-72.54,-72.43,3961,469479
7.72,7.66,-72.52,-72.43,3935,469481
7.74,7.66,-72.52,-72.43,3751,469484
7.73,7.66,-72.51,-72.43,3914,469488
7.76,7.66,-72.51,-72.43,3834,469490
7.75,7.66,-72.46,-72.43,3958,469491
7.70,7.66,-72.49,-72.43,3967,469492
7.71,7.66,-72.46,-72.43,3803,469495
7.72,7.66,-72.41,-72.43,3909,469496
7.73,7.66,-72.41,-72.43,3875,469509
7.70,7.66,-72.43,-72.43,3873,469511
7.71,7.66,-72.46,-72.43,3824,469514
7.69,7.66,-72.45,-72.43,3792,469516
7.69,7.66,-72.47,-72.43,3871,469517
7.67,7.66,-72.51,-72.43,3843,469518
7.70,7.66,-72.51,-72.43,3926,469520
7.70,7.66,-72.48,-72.43,3918,469531
7.74,7.66,-72.44,-72.43,3824,469533
7.71,7.66,-72.47,-72.43,3925,469535
7.69,7.66,-72.47,-72.43,3905,469536
7.62,7.65,-72.50,-72.43,3929,469537
7.64,7.65,-72.45,-72.43,3920,469538
7.65,7.65,-72.42,-72.43,3885,469549
7.64,7.65,-72.49,-72.43,3885,469551
7.64,7.65,-72.48,-72.43,3843,469553
7.68,7.65,-72.49,-72.43,3870,469556
7.70,7.65,-72.49,-72.43,3827,469557
7.71,7.65,-72.49,-72.43,3874,469558
7.72,7.65,-72.49,-72.43,4019,469569
7.71,7.65,-72.48,-72.43,3826,469571
7.71,7.65,-72.47,-72.43,3551,469572
7.70,7.65,-72.48,-72.43,3920,469573
7.69,7.65,-72.46,-72.43,3858,469574
7.68,7.65,-72.46,-72.43,3982,469586
7.68,7.65,-72.44,-72.43,4022,469588
7.68,7.65,-72.39,-72.43,3937,469589
7.70,7.65,-72.40,-72.43,3933,469590
7.68,7.65,-72.46,-72.43,3851,469593
7.71,7.65,-72.51,-72.43,3965,469594
7.66,7.65,-72.62,-72.44,3923,469597
7.66,7.65,-72.62,-72.44,3952,469599
7.66,7.65,-72.57,-72.44,4029,469610
7.68,7.65,-72.59,-72.44,4027,469611
7.69,7.65,-72.59,-72.44,3902,469613
7.66,7.65,-72.61,-72.44,3946,469615
7.65,7.65,-72.58,-72.44,4095,469616
7.64,7.65,-72.57,-72.44,3872,469628
7.65,7.65,-72.53,-72.44,3813,469630
7.66,7.65,-72.49,-72.44,4095,469631
7.65,7.65,-72.48,-72.44,3937,469632
7.67,7.65,-72.49,-72.44,3903,469634
7.70,7.65,-72.49,-72.44,3909,469636
7.68,7.65,-72.48,-72.44,4095,469637
7.72,7.65,-72.46,-72.44,3951,469649
7.68,7.65,-72.47,-72.44,3927,469650
7.66,7.65,-72.51,-72.44,3915,469653
7.66,7.65,-72.58,-72.44,3958,469654
7.67,7.65,-72.59,-72.44,3953,469655
7.69,7.65,-72.55,-72.44,3885,469656
7.67,7.65,-72.55,-72.44,3969,469668
7.69,7.65,-72.52,-72.44,3888,469669
7.65,7.65,-72.52,-72.45,3927,469671
7.63,7.65,-72.44,-72.44,3920,469672
7.68,7.65,-72.40,-72.44,3983,469673
7.71,7.65,-72.37,-72.44,3886,469684
7.69,7.65,-72.37,-72.44,3564,469688
7.71,7.65,-72.35,-72.44,3922,469689
7.72,7.65,-72.37,-72.44,3503,469691
7.70,7.65,-72.39,-72.44,3951,469692
7.72,7.65,-72.38,-72.44,4095,469693
7.71,7.65,-72.37,-72.44,3866,469705
7.69,7.65,-72.34,-72.44,3902,469706
7.69,7.65,-72.37,-72.44,3957,469707
7.65,7.65,-72.37,-72.44,3953,469708
7.61,7.65,-72.36,-72.44,3742,469710
7.64,7.65,-72.36,-72.44,3869,469711
7.67,7.65,-72.33,-72.44,3918,469724
7.70,7.65,-72.33,-72.44,4010,469725
7.71,7.65,-72.39,-72.43,3879,469726
7.71,7.65,-72.38,-72.43,3983,469728
7.75,7.65,-72.34,-72.43,3875,469729
7.80,7.65,-72.27,-72.43,3809,469740
7.78,7.65,-72.33,-72.43,3949,469745
7.78,7.65,-72.34,-72.43,3988,469747
7.74,7.65,-72.38,-72.43,3927,469748
7.74,7.65,-72.46,-72.43,3856,469749
7.71,7.65,-72.48,-72.43,3875,469752
7.74,7.65,-72.52,-72.43,3938,469753
7.72,7.65,-72.45,-72.43,3867,469755
7.76,7.65,-72.42,-72.43,3811,469766
7.73,7.65,-72.45,-72.43,3947,469768
7.71,7.65,-72.47,-72.43,3854,469769
7.71,7.65,-72.37,-72.43,4095,469771
7.72,7.65,-72.39,-72.43,3759,469772
7.70,7.65,-72.41,-72.43,3762,469774
7.69,7.65,-72.44,-72.43,3961,469787
7.70,7.65,-72.41,-72.43,4095,469788
7.67,7.65,-72.40,-72.43,3568,469789
7.69,7.65,-72.39,-72.43,3979,469792
7.77,7.65,-72.38,-72.43,4083,469793
7.81,7.65,-72.34,-72.43,3788,469794
7.82,7.65,-72.38,-72.43,3813,469807
7.80,7.65,-72.38,-72.43,3965,469808
7.78,7.65,-72.39,-72.43,3929,469809
7.80,7.65,-72.41,-72.43,3915,469810
7.80,7.65,-72.40,-72.43,3872,469811
7.77,7.65,-72.37,-72.43,4024,469815
7.77,7.65,-72.42,-72.43,3904,469826
7.76,7.65,-72.46,-72.43,3851,469828
7.74,7.65,-72.44,-72.43,3888,469831
7.71,7.65,-72.44,-72.43,3885,469832
7.71,7.65,-72.47,-72.43,3847,469833
7.67,7.65,-72.50,-72.43,3958,469836
7.68,7.65,-72.53,-72.43,3970,469837
7.69,7.65,-72.59,-72.43,3939,469848
7.70,7.65,-72.60,-72.43,3919,469853
7.72,7.65,-72.55,-72.43,3875,469854
7.75,7.65,-72.54,-72.43,3910,469856
7.70,7.65,-72.52,-72.43,3824,469857
7.70,7.65,-72.46,-72.43,3813,469858
7.70,7.65,-72.42,-72.43,3950,469859
7.72,7.65,-72.46,-72.43,3712,469870
7.74,7.65,-72.42,-72.43,3920,469872
7.75,7.65,-72.46,-72.43,4070,469874
7.74,7.65,-72.46,-72.43,3899,469876
7.76,7.65,-72.46,-72.43,3724,469877
7.73,7.65,-72.51,-72.43,3991,469878
